Device,ProtocolType,PacketsOverall,BytesOverall,TxPacketsOverall,TxBytesOverall,RxPacketsOverall,RxBytesOverall,PacketsPctFirst,BytesPctFirst,TxPacketsPctFirst,TxBytesPctFirst,RxPacketsPctFirst,RxBytesPctFirst,PacketsPctSupport,BytesPctSupport,TxPacketsPctSupport,TxBytesPctSupport,RxPacketsPctSupport,RxBytesPctSupport,PacketsPctThird,BytesPctThird,TxPacketsPctThird,TxBytesPctThird,RxPacketsPctThird,RxBytesPctThird,PacketsPctLocal,BytesPctLocal,TxPacketsPctLocal,TxBytesPctLocal,RxPacketsPctLocal,RxBytesPctLocal
AmazonLight,Management,1602,144180,801,72090,801,72090,0.12359550561797752,0.12359550561797752,0.12359550561797752,0.12359550561797752,0.12359550561797752,0.12359550561797752,0.8764044943820225,0.8764044943820225,0.8764044943820225,0.8764044943820225,0.8764044943820225,0.8764044943820225,0.0,0.0,0.0,0.0,0.0,0.0,0.0,0.0,0.0,0.0,0.0,0.0
AmazonLight,Discovery,0,0,0,0,0,0,0,0,0,0,0,0,0,0,0,0,0,0,0,0,0,0,0,0,0,0,0,0,0,0
AmazonLight,Encrypted,4708,881521,2763,362073,1945,519448,1.0,1.0,1.0,1.0,1.0,1.0,0.0,0.0,0.0,0.0,0.0,0.0,0.0,0.0,0.0,0.0,0.0,0.0,0.0,0.0,0.0,0.0,0.0,0.0
AmazonLight,Unencrypted,0,0,0,0,0,0,0,0,0,0,0,0,0,0,0,0,0,0,0,0,0,0,0,0,0,0,0,0,0,0
EchoDot5,Management,4,360,2,180,2,180,1.0,1.0,1.0,1.0,1.0,1.0,0.0,0.0,0.0,0.0,0.0,0.0,0.0,0.0,0.0,0.0,0.0,0.0,0.0,0.0,0.0,0.0,0.0,0.0
EchoDot5,Discovery,6340,1129590,3525,343144,2815,786446,0.0,0.0,0.0,0.0,0.0,0.0,0.0,0.0,0.0,0.0,0.0,0.0,0.0,0.0,0.0,0.0,0.0,0.0,1.0,1.0,1.0,1.0,1.0,1.0
EchoDot5,Encrypted,191005,88357919,106603,59914630,84402,28443289,0.9955341483207246,0.9900316122202923,0.9945029689595978,0.9990562071400592,0.9968365678538423,0.9710216705248117,0.004465851679275412,0.009968387779707669,0.00549703104040224,0.0009437928599408859,0.003163432146157674,0.02897832947518833,0.0,0.0,0.0,0.0,0.0,0.0,0.0,0.0,0.0,0.0,0.0,0.0
EchoDot5,Unencrypted,12636,1976411,5841,565869,6795,1410542,0.30721747388414056,0.26148913358608106,0.3323061119671289,0.35421272414640137,0.28565121412803535,0.22429108810655762,0.3327002215891105,0.28636250253616274,0.35986988529361413,0.38396165897053913,0.30934510669610005,0.2472085198455629,0.0,0.0,0.0,0.0,0.0,0.0,0.360082304526749,0.4521483638777562,0.307824002739257,0.2618256168830595,0.4050036791758646,0.5285003920478795
Govee,Management,134,12060,67,6030,67,6030,0.0,0.0,0.0,0.0,0.0,0.0,1.0,1.0,1.0,1.0,1.0,1.0,0.0,0.0,0.0,0.0,0.0,0.0,0.0,0.0,0.0,0.0,0.0,0.0
Govee,Discovery,0,0,0,0,0,0,0,0,0,0,0,0,0,0,0,0,0,0,0,0,0,0,0,0,0,0,0,0,0,0
Govee,Encrypted,11632,1162862,7736,689324,3896,473538,0.0,0.0,0.0,0.0,0.0,0.0,1.0,1.0,1.0,1.0,1.0,1.0,0.0,0.0,0.0,0.0,0.0,0.0,0.0,0.0,0.0,0.0,0.0,0.0
Govee,Unencrypted,404,49149,212,23135,192,26014,1.0,1.0,1.0,1.0,1.0,1.0,0.0,0.0,0.0,0.0,0.0,0.0,0.0,0.0,0.0,0.0,0.0,0.0,0.0,0.0,0.0,0.0,0.0,0.0
Litokam,Management,0,0,0,0,0,0,0,0,0,0,0,0,0,0,0,0,0,0,0,0,0,0,0,0,0,0,0,0,0,0
Litokam,Discovery,0,0,0,0,0,0,0,0,0,0,0,0,0,0,0,0,0,0,0,0,0,0,0,0,0,0,0,0,0,0
Litokam,Encrypted,40906,4243428,22532,2036841,18374,2206587,0.0,0.0,0.0,0.0,0.0,0.0,1.0,1.0,1.0,1.0,1.0,1.0,0.0,0.0,0.0,0.0,0.0,0.0,0.0,0.0,0.0,0.0,0.0,0.0
Litokam,Unencrypted,0,0,0,0,0,0,0,0,0,0,0,0,0,0,0,0,0,0,0,0,0,0,0,0,0,0,0,0,0,0
Netvue,Management,0,0,0,0,0,0,0,0,0,0,0,0,0,0,0,0,0,0,0,0,0,0,0,0,0,0,0,0,0,0
Netvue,Discovery,253390,53502202,116414,10100003,136976,43402199,0.0,0.0,0.0,0.0,0.0,0.0,0.0,0.0,0.0,0.0,0.0,0.0,0.0,0.0,0.0,0.0,0.0,0.0,1.0,1.0,1.0,1.0,1.0,1.0
Netvue,Encrypted,17671,3187653,11187,1686945,6484,1500708,0.12766679870975045,0.21743928840435267,0.1154018056672924,0.08602829374994443,0.1488278840222085,0.36515831194342935,0.8723332012902496,0.7825607115956473,0.8845981943327076,0.9139717062500555,0.8511721159777915,0.6348416880565706,0.0,0.0,0.0,0.0,0.0,0.0,0.0,0.0,0.0,0.0,0.0,0.0
Netvue,Unencrypted,249621,52787072,112467,9373374,137154,43413698,0.0,0.0,0.0,0.0,0.0,0.0,0.0014261620616855153,0.0004053265163106603,0.0015826864769221195,0.0010558631289010766,0.001297811219505082,0.00026487031811941016,0.0,0.0,0.0,0.0,0.0,0.0,0.9985738379383144,0.9995946734836894,0.9984173135230778,0.998944136871099,0.9987021887804949,0.9997351296818806
PhillipsBridge,Management,874,78660,460,41400,414,37260,0.0,0.0,0.0,0.0,0.0,0.0,1.0,1.0,1.0,1.0,1.0,1.0,0.0,0.0,0.0,0.0,0.0,0.0,0.0,0.0,0.0,0.0,0.0,0.0
PhillipsBridge,Discovery,292517,67140978,178628,57644093,113889,9496885,0.0,0.0,0.0,0.0,0.0,0.0,0.0,0.0,0.0,0.0,0.0,0.0,0.0,0.0,0.0,0.0,0.0,0.0,1.0,1.0,1.0,1.0,1.0,1.0
PhillipsBridge,Encrypted,40783,3298911,20728,1716348,20055,1582563,0.6038300272172229,0.7071594232157218,0.6055094558085681,0.7053860872037605,0.6020942408376964,0.7090826715903253,0.39616997278277716,0.2928405767842782,0.39449054419143187,0.29461391279623944,0.39790575916230364,0.2909173284096747,0.0,0.0,0.0,0.0,0.0,0.0,0.0,0.0,0.0,0.0,0.0,0.0
PhillipsBridge,Unencrypted,273709,54922184,149780,44818398,123929,10103786,0.0734064279946951,0.02326251264880508,0.06711176392041661,0.014965438969951582,0.08101412905776695,0.06006669183215084,0.0,0.0,0.0,0.0,0.0,0.0,0.0,0.0,0.0,0.0,0.0,0.0,0.9265935720053049,0.9767374873511949,0.9328882360795834,0.9850345610300484,0.918985870942233,0.9399333081678491
TPLink,Management,135,12150,69,6210,66,5940,0.0,0.0,0.0,0.0,0.0,0.0,1.0,1.0,1.0,1.0,1.0,1.0,0.0,0.0,0.0,0.0,0.0,0.0,0.0,0.0,0.0,0.0,0.0,0.0
TPLink,Discovery,63,40974,63,40974,0,0,0.0,0.0,0.0,0.0,0,0,0.0,0.0,0.0,0.0,0,0,0.0,0.0,0.0,0.0,0,0,1.0,1.0,1.0,1.0,0,0
TPLink,Encrypted,3039,323678,2018,197767,1021,125911,0.0,0.0,0.0,0.0,0.0,0.0,1.0,1.0,1.0,1.0,1.0,1.0,0.0,0.0,0.0,0.0,0.0,0.0,0.0,0.0,0.0,0.0,0.0,0.0
TPLink,Unencrypted,0,0,0,0,0,0,0,0,0,0,0,0,0,0,0,0,0,0,0,0,0,0,0,0,0,0,0,0,0,0
